Workbook

Sheet Data
A1: APAC credit spreads & curve slopes — range data
A2: Credit to 6-Aug-26 · curves monthly to May-26 · free sources only
A3: Edit the blue cells only. Everything else, and both charts, recalculates from them.
A5: Credit spreads vs their own 3-year range, bp
A6: Option-adjusted spread, bp. Percentile: 0 = tightest in window, 100 = widest.
A7: Series | B7: Min | C7: Max | D7: Mean | E7: Today | F7: Percentile | G7: Implied position | H7: Window | I7: Source
A8: Asia corporate | B8: 76 | C8: 219 | D8: 117 | E8: 82 | F8: 6 | G8: =IFERROR((E8-B8)/(C8-B8),"") -> 0.041958042 | H8: 3y to 6-Aug-26 | I8: ICE BofA OAS via FRED
A9: EM corporate | B9: 138 | C9: 281 | D9: 186 | E9: 139 | F9: 0 | G9: =IFERROR((E9-B9)/(C9-B9),"") -> 0.006993007 | H9: 3y to 6-Aug-26 | I9: ICE BofA OAS via FRED
A10: US investment grade | B10: 73 | C10: 133 | D10: 91 | E10: 78 | F10: 13 | G10: =IFERROR((E10-B10)/(C10-B10),"") -> 0.083333333 | H10: 3y to 6-Aug-26 | I10: ICE BofA OAS via FRED
A11: US high yield | B11: 259 | C11: 461 | D11: 316 | E11: 271 | F11: 9 | G11: =IFERROR((E11-B11)/(C11-B11),"") -> 0.059405941 | H11: 3y to 6-Aug-26 | I11: ICE BofA OAS via FRED
A13: Curve slopes vs their own 5-year range, bp
A14: Slope in bp. Percentile: 0 = flattest in window, 100 = steepest. Korea and Australia are 3m10y, not 2s10s.
A15: Series | B15: Min | C15: Max | D15: Mean | E15: Today | F15: Percentile | G15: Implied position | H15: Window | I15: Source
A16: JGB 2s10s | B16: 15 | C16: 126 | D16: 54 | E16: 126 | F16: 98 | G16: =IFERROR((E16-B16)/(C16-B16),"") -> 1 | H16: 5y monthly to May-26 | I16: MoF · UST · OECD via FRED
A17: JGB 5s10s | B17: 14 | C17: 74 | D17: 35 | E17: 74 | F17: 98 | G17: =IFERROR((E17-B17)/(C17-B17),"") -> 1 | H17: 5y monthly to May-26 | I17: MoF · UST · OECD via FRED
A18: JGB 10s20s | B18: 37 | C18: 101 | D18: 71 | E18: 89 | F18: 82 | G18: =IFERROR((E18-B18)/(C18-B18),"") -> 0.8125 | H18: 5y monthly to May-26 | I18: MoF · UST · OECD via FRED
A19: JGB 10s30s | B19: 57 | C19: 149 | D19: 102 | E19: 120 | F19: 75 | G19: =IFERROR((E19-B19)/(C19-B19),"") -> 0.68478261 | H19: 5y monthly to May-26 | I19: MoF · UST · OECD via FRED
A20: UST 2s10s | B20: -106 | C20: 124 | D20: 10 | E20: 47 | F20: 65 | G20: =IFERROR((E20-B20)/(C20-B20),"") -> 0.66521739 | H20: 5y monthly to May-26 | I20: MoF · UST · OECD via FRED
A21: Korea 3m10y | B21: -58 | C21: 165 | D21: 35 | E21: 126 | F21: 87 | G21: =IFERROR((E21-B21)/(C21-B21),"") -> 0.82511211 | H21: 5y monthly to May-26 | I21: MoF · UST · OECD via FRED
A22: Australia 3m10y | B22: -50 | C22: 260 | D22: 61 | E22: 55 | F22: 50 | G22: =IFERROR((E22-B22)/(C22-B22),"") -> 0.33870968 | H22: 5y monthly to May-26 | I22: MoF · UST · OECD via FRED
A24: Notes and assumptions
A25: Min / Max / Mean / Today / Percentile are inputs (blue). They were recovered from the shape geometry of the source
A26: PowerPoint slide 'APAC_Credit_Curve_Ranges.pptx', which encoded them as positioned rectangles rather than a chart object.
A27: Recovered 'Today' values reproduce the printed slide labels exactly; Min / Max / Mean carry roughly +/-1bp of positioning error.
A28: 'Implied position' is a computed cross-check only: where today sits between min and max on a straight-line basis. It will not
A29: equal the percentile unless the underlying distribution is uniform — a gap between the two is informative, not an error.
A30: Korea and Australia are 3m10y and are not like-for-like with the JGB and UST rows; no free source publishes their 2-year yields.
A31: Sources: ICE BofA OAS via FRED; Japan Ministry of Finance daily JGB yields; US Treasury daily par yields; OECD long rate
A32: and 3-month interbank via FRED.

Sheet Chart calc
A1: Chart geometry — do not edit; driven by 'Data'
A2: A floating range bar with markers is drawn in Excel as a stacked bar: an invisible run-up to the band, then band / tick / band / tick / band.
A4: Panel | B4: Value axis minimum (chart setting) | C4: Mean tick width, bp | D4: Today tick width, bp
A5: Credit panel | B5: 0 | C5: 4 | D5: 8 | E5: <- tick widths are cosmetic: how wide each marker is drawn, in axis units
A6: Curve panel | B6: -150 | C6: 3 | D6: 7
A8: Series | B8: Run-up (hidden) | C8: Band below zero | D8: Band left | E8: Mean tick | F8: Today tick | G8: Band middle | H8: Today tick | I8: Mean tick | J8: Band right
A9: =Data!A8 -> Asia corporate | B9: =MAX(0,Data!B8) -> 76 | C9: =MIN(0,Data!B8) -> 0 | D9: =MAX(0,MIN(Data!D8,Data!E8)-IF(Data!D8<=Data!E8,$C$5,$D$5)/2-MAX(0,Data!B8)) -> 2 | E9: =IF(Data!D8<=Data!E8,$C$5,0) -> 0 | F9: =IF(Data!D8<=Data!E8,0,$D$5) -> 8 | G9: =MAX(0,MAX(Data!D8,Data!E8)-IF(Data!D8<=Data!E8,$D$5,$C$5)/2-(MIN(Data!D8,Data!E8)+IF(Data!D8<=Data!E8,$C$5,$D$5)/2)) -> 29 | H9: =IF(Data!D8<=Data!E8,$D$5,0) -> 0 | I9: =IF(Data!D8<=Data!E8,0,$C$5) -> 4 | J9: =MAX(0,Data!C8-SUMIF(B9:I9,">0")) -> 100
A10: =Data!A9 -> EM corporate | B10: =MAX(0,Data!B9) -> 138 | C10: =MIN(0,Data!B9) -> 0 | D10: =MAX(0,MIN(Data!D9,Data!E9)-IF(Data!D9<=Data!E9,$C$5,$D$5)/2-MAX(0,Data!B9)) -> 0 | E10: =IF(Data!D9<=Data!E9,$C$5,0) -> 0 | F10: =IF(Data!D9<=Data!E9,0,$D$5) -> 8 | G10: =MAX(0,MAX(Data!D9,Data!E9)-IF(Data!D9<=Data!E9,$D$5,$C$5)/2-(MIN(Data!D9,Data!E9)+IF(Data!D9<=Data!E9,$C$5,$D$5)/2)) -> 41 | H10: =IF(Data!D9<=Data!E9,$D$5,0) -> 0 | I10: =IF(Data!D9<=Data!E9,0,$C$5) -> 4 | J10: =MAX(0,Data!C9-SUMIF(B10:I10,">0")) -> 90
A11: =Data!A10 -> US investment grade | B11: =MAX(0,Data!B10) -> 73 | C11: =MIN(0,Data!B10) -> 0 | D11: =MAX(0,MIN(Data!D10,Data!E10)-IF(Data!D10<=Data!E10,$C$5,$D$5)/2-MAX(0,Data!B10)) -> 1 | E11: =IF(Data!D10<=Data!E10,$C$5,0) -> 0 | F11: =IF(Data!D10<=Data!E10,0,$D$5) -> 8 | G11: =MAX(0,MAX(Data!D10,Data!E10)-IF(Data!D10<=Data!E10,$D$5,$C$5)/2-(MIN(Data!D10,Data!E10)+IF(Data!D10<=Data!E10,$C$5,$D$5)/2)) -> 7 | H11: =IF(Data!D10<=Data!E10,$D$5,0) -> 0 | I11: =IF(Data!D10<=Data!E10,0,$C$5) -> 4 | J11: =MAX(0,Data!C10-SUMIF(B11:I11,">0")) -> 40
A12: =Data!A11 -> US high yield | B12: =MAX(0,Data!B11) -> 259 | C12: =MIN(0,Data!B11) -> 0 | D12: =MAX(0,MIN(Data!D11,Data!E11)-IF(Data!D11<=Data!E11,$C$5,$D$5)/2-MAX(0,Data!B11)) -> 8 | E12: =IF(Data!D11<=Data!E11,$C$5,0) -> 0 | F12: =IF(Data!D11<=Data!E11,0,$D$5) -> 8 | G12: =MAX(0,MAX(Data!D11,Data!E11)-IF(Data!D11<=Data!E11,$D$5,$C$5)/2-(MIN(Data!D11,Data!E11)+IF(Data!D11<=Data!E11,$C$5,$D$5)/2)) -> 39 | H12: =IF(Data!D11<=Data!E11,$D$5,0) -> 0 | I12: =IF(Data!D11<=Data!E11,0,$C$5) -> 4 | J12: =MAX(0,Data!C11-SUMIF(B12:I12,">0")) -> 143
A16: Series | B16: Run-up (hidden) | C16: Band below zero | D16: Band left | E16: Mean tick | F16: Today tick | G16: Band middle | H16: Today tick | I16: Mean tick | J16: Band right
A17: =Data!A16 -> JGB 2s10s | B17: =MAX(0,Data!B16) -> 15 | C17: =MIN(0,Data!B16) -> 0 | D17: =MAX(0,MIN(Data!D16,Data!E16)-IF(Data!D16<=Data!E16,$C$6,$D$6)/2-MAX(0,Data!B16)) -> 37.5 | E17: =IF(Data!D16<=Data!E16,$C$6,0) -> 3 | F17: =IF(Data!D16<=Data!E16,0,$D$6) -> 0 | G17: =MAX(0,MAX(Data!D16,Data!E16)-IF(Data!D16<=Data!E16,$D$6,$C$6)/2-(MIN(Data!D16,Data!E16)+IF(Data!D16<=Data!E16,$C$6,$D$6)/2)) -> 67 | H17: =IF(Data!D16<=Data!E16,$D$6,0) -> 7 | I17: =IF(Data!D16<=Data!E16,0,$C$6) -> 0 | J17: =MAX(0,Data!C16-SUMIF(B17:I17,">0")) -> 0
A18: =Data!A17 -> JGB 5s10s | B18: =MAX(0,Data!B17) -> 14 | C18: =MIN(0,Data!B17) -> 0 | D18: =MAX(0,MIN(Data!D17,Data!E17)-IF(Data!D17<=Data!E17,$C$6,$D$6)/2-MAX(0,Data!B17)) -> 19.5 | E18: =IF(Data!D17<=Data!E17,$C$6,0) -> 3 | F18: =IF(Data!D17<=Data!E17,0,$D$6) -> 0 | G18: =MAX(0,MAX(Data!D17,Data!E17)-IF(Data!D17<=Data!E17,$D$6,$C$6)/2-(MIN(Data!D17,Data!E17)+IF(Data!D17<=Data!E17,$C$6,$D$6)/2)) -> 34 | H18: =IF(Data!D17<=Data!E17,$D$6,0) -> 7 | I18: =IF(Data!D17<=Data!E17,0,$C$6) -> 0 | J18: =MAX(0,Data!C17-SUMIF(B18:I18,">0")) -> 0
A19: =Data!A18 -> JGB 10s20s | B19: =MAX(0,Data!B18) -> 37 | C19: =MIN(0,Data!B18) -> 0 | D19: =MAX(0,MIN(Data!D18,Data!E18)-IF(Data!D18<=Data!E18,$C$6,$D$6)/2-MAX(0,Data!B18)) -> 32.5 | E19: =IF(Data!D18<=Data!E18,$C$6,0) -> 3 | F19: =IF(Data!D18<=Data!E18,0,$D$6) -> 0 | G19: =MAX(0,MAX(Data!D18,Data!E18)-IF(Data!D18<=Data!E18,$D$6,$C$6)/2-(MIN(Data!D18,Data!E18)+IF(Data!D18<=Data!E18,$C$6,$D$6)/2)) -> 13 | H19: =IF(Data!D18<=Data!E18,$D$6,0) -> 7 | I19: =IF(Data!D18<=Data!E18,0,$C$6) -> 0 | J19: =MAX(0,Data!C18-SUMIF(B19:I19,">0")) -> 8.5
A20: =Data!A19 -> JGB 10s30s | B20: =MAX(0,Data!B19) -> 57 | C20: =MIN(0,Data!B19) -> 0 | D20: =MAX(0,MIN(Data!D19,Data!E19)-IF(Data!D19<=Data!E19,$C$6,$D$6)/2-MAX(0,Data!B19)) -> 43.5 | E20: =IF(Data!D19<=Data!E19,$C$6,0) -> 3 | F20: =IF(Data!D19<=Data!E19,0,$D$6) -> 0 | G20: =MAX(0,MAX(Data!D19,Data!E19)-IF(Data!D19<=Data!E19,$D$6,$C$6)/2-(MIN(Data!D19,Data!E19)+IF(Data!D19<=Data!E19,$C$6,$D$6)/2)) -> 13 | H20: =IF(Data!D19<=Data!E19,$D$6,0) -> 7 | I20: =IF(Data!D19<=Data!E19,0,$C$6) -> 0 | J20: =MAX(0,Data!C19-SUMIF(B20:I20,">0")) -> 25.5
A21: =Data!A20 -> UST 2s10s | B21: =MAX(0,Data!B20) -> 0 | C21: =MIN(0,Data!B20) -> -106 | D21: =MAX(0,MIN(Data!D20,Data!E20)-IF(Data!D20<=Data!E20,$C$6,$D$6)/2-MAX(0,Data!B20)) -> 8.5 | E21: =IF(Data!D20<=Data!E20,$C$6,0) -> 3 | F21: =IF(Data!D20<=Data!E20,0,$D$6) -> 0 | G21: =MAX(0,MAX(Data!D20,Data!E20)-IF(Data!D20<=Data!E20,$D$6,$C$6)/2-(MIN(Data!D20,Data!E20)+IF(Data!D20<=Data!E20,$C$6,$D$6)/2)) -> 32 | H21: =IF(Data!D20<=Data!E20,$D$6,0) -> 7 | I21: =IF(Data!D20<=Data!E20,0,$C$6) -> 0 | J21: =MAX(0,Data!C20-SUMIF(B21:I21,">0")) -> 73.5
A22: =Data!A21 -> Korea 3m10y | B22: =MAX(0,Data!B21) -> 0 | C22: =MIN(0,Data!B21) -> -58 | D22: =MAX(0,MIN(Data!D21,Data!E21)-IF(Data!D21<=Data!E21,$C$6,$D$6)/2-MAX(0,Data!B21)) -> 33.5 | E22: =IF(Data!D21<=Data!E21,$C$6,0) -> 3 | F22: =IF(Data!D21<=Data!E21,0,$D$6) -> 0 | G22: =MAX(0,MAX(Data!D21,Data!E21)-IF(Data!D21<=Data!E21,$D$6,$C$6)/2-(MIN(Data!D21,Data!E21)+IF(Data!D21<=Data!E21,$C$6,$D$6)/2)) -> 86 | H22: =IF(Data!D21<=Data!E21,$D$6,0) -> 7 | I22: =IF(Data!D21<=Data!E21,0,$C$6) -> 0 | J22: =MAX(0,Data!C21-SUMIF(B22:I22,">0")) -> 35.5
A23: =Data!A22 -> Australia 3m10y | B23: =MAX(0,Data!B22) -> 0 | C23: =MIN(0,Data!B22) -> -50 | D23: =MAX(0,MIN(Data!D22,Data!E22)-IF(Data!D22<=Data!E22,$C$6,$D$6)/2-MAX(0,Data!B22)) -> 51.5 | E23: =IF(Data!D22<=Data!E22,$C$6,0) -> 0 | F23: =IF(Data!D22<=Data!E22,0,$D$6) -> 7 | G23: =MAX(0,MAX(Data!D22,Data!E22)-IF(Data!D22<=Data!E22,$D$6,$C$6)/2-(MIN(Data!D22,Data!E22)+IF(Data!D22<=Data!E22,$C$6,$D$6)/2)) -> 1 | H23: =IF(Data!D22<=Data!E22,$D$6,0) -> 0 | I23: =IF(Data!D22<=Data!E22,0,$C$6) -> 3 | J23: =MAX(0,Data!C22-SUMIF(B23:I23,">0")) -> 197.5

Sheet Charts
A1: Credit spreads vs their own 3-year range, bp
A2: Every spread is in the bottom decile of three years.
D23: 3y min–max | G23: 3y mean | J23: Today
A26: Curve slopes vs their own 5-year range, bp
A27: Japan is at the top of its own range up front, and Korea is steep with it.
D48: 5y min–max | G48: 5y mean | J48: Today
